INC17089043,Printer failed to print the document,Jane Doe,Printer Issue
INC17089044,My headset stopped working in the left side,John Boris,Defective Hardware
INC17089045,"Mouse stopped working, need replacement",Maria Sanchez,Defective Hardware
INC17089046,Can't login in SAP,Maria Sanchez,SAP Server Down
INC17089047,Tried to Login in SAP without success,Gabriel Brown,SAP Server Down
INC17089048,Printer EB065 printing with bad quality,Jane Doe,Printer out of ink
INC17089049,Production Machine is not accessible remotely,Mark Down,Disconnected cable
INC17089050,Can't download the PDF report from SAP,Gabriel Brown,Missing plugin
INC17089051,"PDF is downloaded with failure, can't open the file",Maria Sanchez,Missing plugin
INC17089052,Can't access the cloud service,Jane Doe,Password change failed
INC17089053,Tried to print but the document stayed in the queue,Jane Doe,Switch failure
INC17089054,"Can't login in the AVD, in production",Mark Down,Server Down
INC17089055,New password setup failed in SAP,Angela Denin,SAP Server Down
INC17089056,Barcode reader not working in the final inspection,Rafael Salvatore,Driver not updated
INC17089057,AVD with low performance,Rafael Salvatore,Server Down
INC17089058,Monitor not showing the screen,Mark Down,Defective Hardware
INC17089059,Computer does not turn on,Jane Doe,Defective Hardware
INC17089060,Can't download the excel file from the system,Gabriel Brown,Missing plugin
INC17089061,Remote Access Issue,Maria Sanchez,Server Down
INC17089062,Tried to Login in SAP without success,Gabriel Brown,SAP Server Down
INC17089063,Printer failed to print the document,Jane Doe,Printer Issue
INC17089064,"PDF is downloaded with failure, can't open the file",Maria Sanchez,Missing plugin
INC17089065,My document cannot be printed,Travis Garret,Printer Issue
INC17089066,AVD is not working,Rafael Salvatore,Server Down
INC17089067,Please install Google Chrome in my computer,Gabriel Brown,Service Request
INC17089068,Need Minitab installed for my user,Angela Denin,Service Request
INC17089069,Barcode reader not working in the final inspection,Rafael Salvatore,Driver not updated
INC17089070,Can't access the cloud service,Jane Doe,Password change failed
INC17089071,Monitor not showing the screen,Mark Down,Defective Hardware
INC17089072,AVD with low performance,Rafael Salvatore,Server Down
INC17089073,AVD is not working,Rafael Salvatore,Server Down
INC17089074,Computer does not turn on,Jane Doe,Defective Hardware
INC17089075,Tried to Login in SAP without success,Gabriel Brown,SAP Server Down
INC17089076,Tried to Login in SAP without success,Angela Denin,SAP Server Down
INC17089077,Printer EB065 printing with bad quality,Jane Doe,Printer out of ink
INC17089078,Can't login in SAP,Maria Sanchez,SAP Server Down
INC17089079,Keyboard not responding,Rafael Salvatore,Defective Hardware
INC17089080,My headset stopped working in the left side,John Boris,Defective Hardware
INC17089081,Can't login in SAP,Maria Sanchez,SAP Server Down
INC17089082,Can't access the cloud service,Jane Doe,Password change failed
INC17089083,Tried to print but the document stayed in the queue,Jane Doe,Switch failure
INC17089084,"Can't login in the AVD, in production",Mark Down,Server Down
INC17089085,Printer failed to print the document,Jane Doe,Printer Issue
INC17089086,My headset stopped working in the left side,John Boris,Defective Hardware
INC17089087,"Mouse stopped working, need replacement",Maria Sanchez,Defective Hardware
INC17089088,Can't login in SAP,Maria Sanchez,SAP Server Down
INC17089089,Office tools not working in the cloud,Gabriel Brown,Misconfigured credentials
INC17089090,Need to recover data from a specific folder in the server,Mark Down,Service Request
INC17089091,Install Visio License in my machine,Maria Sanchez,Service Request
INC17089092,Barcode reader not working in the final inspection,Rafael Salvatore,Driver not updated
INC17089093,Can't access the cloud service,Jane Doe,Password change failed
INC17089094,Mouse is not working,Gabriel Brown,Defective Hardware
INC17089095,Install Git application for my user,Maria Sanchez,Service Request
INC17089096,Update SAP version,John Boris,Service Request
INC17089097,Tried to print but the document stayed in the queue,Jane Doe,Switch failure
INC17089098,Computer does not turn on,Jane Doe,Defective Hardware
INC17089099,Tried to Login in SAP without success,Gabriel Brown,SAP Server Down
INC17089100,Can't login in SAP,Maria Sanchez,SAP Server Down
INC17089101,Monitor not showing the screen,Mark Down,Defective Hardware
INC17089102,Remote Access Issue,Maria Sanchez,Server Down
INC17089103,Tried to Login in SAP without success,Gabriel Brown,SAP Server Down
INC17089104,Printer failed to print the document,Jane Doe,Printer Issue
INC17089105,"PDF is downloaded with failure, can't open the file",Maria Sanchez,Missing plugin
INC17089106,Printer failed to print the document,Jane Doe,Printer Issue
INC17089107,My headset stopped working in the left side,John Boris,Defective Hardware
INC17089108,"Mouse stopped working, need replacement",Maria Sanchez,Defective Hardware
INC17089109,Can't login in SAP,Maria Sanchez,SAP Server Down
INC17089110,Tried to Login in SAP without success,Gabriel Brown,SAP Server Down
INC17089111,Printer EB065 printing with bad quality,Jane Doe,Printer out of ink
INC17089112,Production Machine is not accessible remotely,Mark Down,Disconnected cable
INC17089113,Can't download the PDF report from SAP,Gabriel Brown,Missing plugin
INC17089114,"PDF is downloaded with failure, can't open the file",Maria Sanchez,Missing plugin
INC17089115,"PDF is downloaded with failure, can't open the file",Maria Sanchez,Missing plugin
INC17089116,Can't access the cloud service,Jane Doe,Password change failed
INC17089117,Tried to print but the document stayed in the queue,Jane Doe,Switch failure
INC17089118,"Can't login in the AVD, in production",Mark Down,Server Down
INC17089119,New password setup failed in SAP,Angela Denin,SAP Server Down
INC17089120,Barcode reader not working in the final inspection,Rafael Salvatore,Driver not updated
INC17089121,AVD with low performance,Rafael Salvatore,Server Down
INC17089122,Monitor not showing the screen,Mark Down,Defective Hardware
INC17089123,Computer does not turn on,Jane Doe,Defective Hardware
INC17089124,Please install Google Chrome in my computer,Gabriel Brown,Service Request
INC17089125,Need Minitab installed for my user,Angela Denin,Service Request
INC17089126,Barcode reader not working in the final inspection,Rafael Salvatore,Driver not updated
INC17089127,Can't access the cloud service,Jane Doe,Password change failed
INC17089128,Monitor not showing the screen,Mark Down,Defective Hardware
INC17089129,AVD with low performance,Rafael Salvatore,Server Down
INC17089130,AVD is not working,Rafael Salvatore,Server Down
INC17089131,Computer does not turn on,Jane Doe,Defective Hardware
INC17089132,Tried to Login in SAP without success,Gabriel Brown,SAP Server Down
INC17089133,Tried to Login in SAP without success,Angela Denin,SAP Server Down
INC17089134,Printer EB065 printing with bad quality,Jane Doe,Printer out of ink
INC17089135,Can't login in SAP,Maria Sanchez,SAP Server Down
INC17089136,Keyboard not responding,Rafael Salvatore,Defective Hardware
INC17089137,My headset stopped working in the left side,John Boris,Defective Hardware
INC17089138,Can't login in SAP,Maria Sanchez,SAP Server Down
INC17089139,Can't access the cloud service,Jane Doe,Password change failed
INC17089140,Tried to print but the document stayed in the queue,Jane Doe,Switch failure
INC17089141,"Can't login in the AVD, in production",Mark Down,Server Down
INC17089142,"Mouse stopped working, need replacement",Maria Sanchez,Defective Hardware
INC17089143,Tried to Login in SAP without success,Gabriel Brown,SAP Server Down
INC17089144,Tried to Login in SAP without success,Angela Denin,SAP Server Down
INC17089145,Printer EB065 printing with bad quality,Jane Doe,Printer out of ink
INC17089146,Can't login in SAP,Maria Sanchez,SAP Server Down
INC17089147,Keyboard not responding,Rafael Salvatore,Defective Hardware
INC17089148,My headset stopped working in the left side,John Boris,Defective Hardware
INC17089149,Can't login in SAP,Maria Sanchez,SAP Server Down
INC17089150,Can't access the cloud service,Jane Doe,Password change failed
INC17089151,Tried to print but the document stayed in the queue,Jane Doe,Switch failure
INC17089152,"Can't login in the AVD, in production",Mark Down,Server Down
INC17089153,Printer failed to print the document,Jane Doe,Printer Issue
INC17089154,My headset stopped working in the left side,John Boris,Defective Hardware
INC17089155,"Mouse stopped working, need replacement",Maria Sanchez,Defective Hardware
INC17089156,Can't login in SAP,Maria Sanchez,SAP Server Down
INC17089157,Office tools not working in the cloud,Gabriel Brown,Misconfigured credentials
INC17089158,Need to recover data from a specific folder in the server,Mark Down,Service Request
INC17089159,Install Visio License in my machine,Maria Sanchez,Service Request
INC17089160,Barcode reader not working in the final inspection,Rafael Salvatore,Driver not updated
INC17089161,Can't access the cloud service,Jane Doe,Password change failed
INC17089162,Mouse is not working,Gabriel Brown,Defective Hardware
INC17089163,Install Git application for my user,Maria Sanchez,Service Request
INC17089164,Update SAP version,John Boris,Service Request
INC17089165,Tried to print but the document stayed in the queue,Jane Doe,Switch failure
INC17089166,Printer failed to print the document,Jane Doe,Printer Issue
INC17089167,My headset stopped working in the left side,John Boris,Defective Hardware
INC17089168,"Mouse stopped working, need replacement",Maria Sanchez,Defective Hardware
INC17089169,Can't login in SAP,Maria Sanchez,SAP Server Down
INC17089170,Tried to Login in SAP without success,Gabriel Brown,SAP Server Down
INC17089171,Printer EB065 printing with bad quality,Jane Doe,Printer out of ink
INC17089172,Production Machine is not accessible remotely,Mark Down,Disconnected cable
INC17089173,Can't download the PDF report from SAP,Gabriel Brown,Missing plugin
INC17089174,"PDF is downloaded with failure, can't open the file",Maria Sanchez,Missing plugin
INC17089175,Can't access the cloud service,Jane Doe,Password change failed
INC17089176,Tried to print but the document stayed in the queue,Jane Doe,Switch failure
INC17089177,"Can't login in the AVD, in production",Mark Down,Server Down
INC17089178,New password setup failed in SAP,Angela Denin,SAP Server Down
INC17089179,Barcode reader not working in the final inspection,Rafael Salvatore,Driver not updated
INC17089180,AVD with low performance,Rafael Salvatore,Server Down
INC17089181,Monitor not showing the screen,Mark Down,Defective Hardware
INC17089182,Computer does not turn on,Jane Doe,Defective Hardware
INC17089183,Can't download the excel file from the system,Gabriel Brown,Missing plugin
INC17089184,Remote Access Issue,Maria Sanchez,Server Down
INC17089185,Tried to Login in SAP without success,Gabriel Brown,SAP Server Down
INC17089186,Computer does not turn on,Jane Doe,Defective Hardware
INC17089187,Tried to Login in SAP without success,Gabriel Brown,SAP Server Down
INC17089188,Tried to Login in SAP without success,Angela Denin,SAP Server Down
INC17089189,Printer EB065 printing with bad quality,Jane Doe,Printer out of ink
INC17089190,Can't login in SAP,Maria Sanchez,SAP Server Down
INC17089191,Keyboard not responding,Rafael Salvatore,Defective Hardware
INC17089192,My headset stopped working in the left side,John Boris,Defective Hardware
